-- =====================================================
-- DOPPLER VPN BLOG DEMO DATA
-- Run this AFTER schema.sql to populate demo content
-- =====================================================

-- =====================================================
-- CLEAN UP EXISTING DATA (safe to re-run)
-- =====================================================
DELETE FROM blog_internal_links;
DELETE FROM blog_post_tags;
DELETE FROM blog_post_translations;
DELETE FROM blog_tag_translations;
DELETE FROM blog_posts;
DELETE FROM blog_tags;

-- =====================================================
-- INSERT TAGS
-- =====================================================
INSERT INTO blog_tags (id, slug) VALUES
  ('11111111-1111-1111-1111-111111111111', 'privacy'),
  ('22222222-2222-2222-2222-222222222222', 'security'),
  ('33333333-3333-3333-3333-333333333333', 'vpn-guides'),
  ('44444444-4444-4444-4444-444444444444', 'tips');

-- Tag translations
INSERT INTO blog_tag_translations (tag_id, locale, name) VALUES
  ('11111111-1111-1111-1111-111111111111', 'en', 'Privacy'),
  ('11111111-1111-1111-1111-111111111111', 'he', 'פרטיות'),
  ('22222222-2222-2222-2222-222222222222', 'en', 'Security'),
  ('22222222-2222-2222-2222-222222222222', 'he', 'אבטחה'),
  ('33333333-3333-3333-3333-333333333333', 'en', 'VPN Guides'),
  ('33333333-3333-3333-3333-333333333333', 'he', 'מדריכי VPN'),
  ('44444444-4444-4444-4444-444444444444', 'en', 'Tips'),
  ('44444444-4444-4444-4444-444444444444', 'he', 'טיפים');

-- =====================================================
-- BLOG POST 1: Why VPN Matters
-- =====================================================
INSERT INTO blog_posts (id, slug, image_url, image_alt_en, image_alt_he, author_name, status, published_at) VALUES
  ('aaaaaaaa-aaaa-aaaa-aaaa-aaaaaaaaaaaa',
   'why-vpn-matters-2025',
   'https://seakhlgyzkerxabitgoo.supabase.co/storage/v1/object/public/blog_images/hero.avif',
   'Person using VPN on laptop for secure browsing',
   'אדם משתמש ב-VPN במחשב נייד לגלישה מאובטחת',
   'Doppler Team',
   'published',
   NOW() - INTERVAL '2 days');

-- English translation
INSERT INTO blog_post_translations (post_id, locale, title, excerpt, content, meta_title, meta_description) VALUES
  ('aaaaaaaa-aaaa-aaaa-aaaa-aaaaaaaaaaaa',
   'en',
   'Why VPN Matters in 2025: Protecting Your Digital Privacy',
   'Discover why using a VPN is more important than ever in today''s connected world, and how Doppler VPN keeps you safe without compromising your experience.',
   '## The Growing Need for Online Privacy

In an era where our digital footprints grow larger every day, protecting your online privacy has never been more critical.

From ISPs tracking your browsing habits to advertisers building detailed profiles of your online behavior, the threats to your digital privacy are numerous and constantly evolving. Every click, search, and website visit contributes to a profile that''s often sold to the highest bidder.

---

## What Makes a VPN Essential?

A Virtual Private Network (VPN) creates an encrypted tunnel between your device and the internet. Think of it as a secure, private highway that keeps your data away from prying eyes.

Here''s what that protection looks like in practice:

- **Your ISP can''t see what you''re doing online** — They only see encrypted data flowing through their servers

- **Public Wi-Fi becomes safe** — Even on unsecured networks at coffee shops or airports, your data stays protected

- **Your IP address stays hidden** — Websites see the VPN server''s IP, not yours, making you virtually untraceable

- **Your digital privacy is protected** — Browse with confidence knowing your connection is encrypted end-to-end

---

## Why Traditional VPNs Fall Short

Here''s the irony most people don''t think about: most VPN services require you to hand over personal information before you can even start protecting your privacy.

You''re essentially giving up privacy to get privacy. It doesn''t make sense.

Common requirements you''ll encounter include email addresses, payment information tied to your identity, phone numbers for verification, and account creation with passwords. All of this creates a digital trail that defeats the purpose.

---

## The Doppler Difference

**[Doppler VPN](/)** takes a fundamentally different approach.

We believe that privacy protection shouldn''t require you to give up your privacy first. That''s not a compromise we''re willing to make.

### No Registration Required

Your device serves as your account. Simply download, tap connect, and you''re protected.

No email. No phone number. No personal information whatsoever.

### WireGuard Protocol

We use the **[WireGuard protocol](https://www.wireguard.com/)**, trusted by security professionals worldwide. It offers modern cryptographic design, faster connection speeds, better battery efficiency, and a smaller attack surface than legacy protocols.

### Built-in Ad Blocking

Our network-level ad blocker removes ads, trackers, and malicious domains before they even reach your device.

The result? Faster page loads, less data usage, a cleaner browsing experience, and protection across all your apps — not just browsers.

---

## Take Control of Your Privacy Today

The internet should be a place where you can browse freely without being tracked, profiled, or monitored.

With Doppler VPN, you get military-grade encryption and complete privacy without the usual tradeoffs. No accounts. No tracking. No compromise.

**[Download Doppler VPN](/#pricing)** today and experience what true privacy feels like.',
   'Why VPN Matters in 2025 | Doppler VPN Blog',
   'Learn why VPN protection is essential in 2025 and how Doppler VPN protects your online privacy without requiring any personal information.');

-- Hebrew translation
INSERT INTO blog_post_translations (post_id, locale, title, excerpt, content, meta_title, meta_description) VALUES
  ('aaaaaaaa-aaaa-aaaa-aaaa-aaaaaaaaaaaa',
   'he',
   'למה VPN חשוב ב-2025: הגנה על הפרטיות הדיגיטלית שלך',
   'גלה למה שימוש ב-VPN חשוב מתמיד בעולם המחובר של היום, ואיך Doppler VPN שומר עליך בלי להתפשר על החוויה.',
   '## הצורך הגובר בפרטיות מקוונת

בעידן שבו טביעות הרגל הדיגיטליות שלנו גדלות מיום ליום, הגנה על הפרטיות המקוונת שלך מעולם לא הייתה קריטית יותר.

מספקי האינטרנט שעוקבים אחרי הרגלי הגלישה שלך ועד מפרסמים שבונים פרופילים מפורטים של ההתנהגות המקוונת שלך — האיומים על הפרטיות הדיגיטלית שלך רבים ומתפתחים כל הזמן. כל קליק, חיפוש וביקור באתר תורמים לפרופיל שלעתים קרובות נמכר למרבה במחיר.

---

## מה הופך VPN לחיוני?

רשת פרטית וירטואלית (VPN) יוצרת מנהרה מוצפנת בין המכשיר שלך לאינטרנט. תחשוב על זה ככביש מהיר פרטי ומאובטח ששומר על הנתונים שלך הרחק מעיניים סקרניות.

ככה ההגנה נראית בפועל:

- **ספק האינטרנט שלך לא יכול לראות מה אתה עושה באינטרנט** — הם רואים רק נתונים מוצפנים שזורמים דרך השרתים שלהם

- **Wi-Fi ציבורי הופך בטוח** — גם ברשתות לא מאובטחות בבתי קפה או שדות תעופה, הנתונים שלך נשארים מוגנים

- **כתובת ה-IP שלך נשארת מוסתרת** — אתרים רואים את ה-IP של שרת ה-VPN, לא שלך, מה שהופך אותך כמעט בלתי ניתן לאיתור

- **הפרטיות הדיגיטלית שלך מוגנת** — גלוש בביטחון כשאתה יודע שהחיבור שלך מוצפן מקצה לקצה

---

## למה שירותי VPN מסורתיים לא מספיקים

הנה האירוניה שרוב האנשים לא חושבים עליה: רוב שירותי ה-VPN דורשים ממך למסור מידע אישי עוד לפני שאתה יכול להתחיל להגן על הפרטיות שלך.

אתה בעצם מוותר על פרטיות כדי לקבל פרטיות. זה לא הגיוני.

דרישות נפוצות שתיתקל בהן כוללות כתובות אימייל, פרטי תשלום הקשורים לזהות שלך, מספרי טלפון לאימות ויצירת חשבון עם סיסמאות. כל זה יוצר עקבות דיגיטליות שמסכלות את המטרה.

---

## ההבדל של Doppler

**[Doppler VPN](/)** נוקט בגישה שונה מהותית.

אנחנו מאמינים שהגנה על פרטיות לא צריכה לדרוש ממך לוותר על הפרטיות שלך קודם. זו לא פשרה שאנחנו מוכנים לעשות.

### ללא צורך ברישום

המכשיר שלך משמש כחשבון שלך. פשוט הורד, לחץ על התחבר, ואתה מוגן.

ללא אימייל. ללא מספר טלפון. ללא מידע אישי כלל.

### פרוטוקול WireGuard

אנחנו משתמשים ב**[פרוטוקול WireGuard](https://www.wireguard.com/)**, שמומחי אבטחה ברחבי העולם סומכים עליו. הוא מציע עיצוב קריפטוגרפי מודרני, מהירויות חיבור גבוהות יותר, יעילות סוללה טובה יותר ומשטח תקיפה קטן יותר מפרוטוקולים ישנים.

### חסימת פרסומות מובנית

חוסם הפרסומות ברמת הרשת שלנו מסיר פרסומות, עוקבים ודומיינים זדוניים עוד לפני שהם מגיעים למכשיר שלך.

התוצאה? טעינת דפים מהירה יותר, פחות שימוש בנתונים, חוויית גלישה נקייה יותר והגנה בכל האפליקציות שלך — לא רק בדפדפנים.

---

## קח שליטה על הפרטיות שלך היום

האינטרנט צריך להיות מקום שבו אתה יכול לגלוש בחופשיות בלי להיות מעוקב, מפרופל או מנוטר.

עם Doppler VPN, אתה מקבל הצפנה ברמה צבאית ופרטיות מלאה ללא הפשרות הרגילות. ללא חשבונות. ללא מעקב. ללא פשרות.

**[הורד את Doppler VPN](/#pricing)** היום וחווה איך פרטיות אמיתית מרגישה.',
   'למה VPN חשוב ב-2025 | בלוג Doppler VPN',
   'למד למה הגנת VPN חיונית ב-2025 ואיך Doppler VPN מגן על הפרטיות המקוונת שלך ללא צורך במידע אישי.');

-- Tags for post 1
INSERT INTO blog_post_tags (post_id, tag_id) VALUES
  ('aaaaaaaa-aaaa-aaaa-aaaa-aaaaaaaaaaaa', '11111111-1111-1111-1111-111111111111'),
  ('aaaaaaaa-aaaa-aaaa-aaaa-aaaaaaaaaaaa', '22222222-2222-2222-2222-222222222222');

-- =====================================================
-- BLOG POST 2: Public Wi-Fi Safety
-- =====================================================
INSERT INTO blog_posts (id, slug, image_url, image_alt_en, image_alt_he, author_name, status, published_at) VALUES
  ('bbbbbbbb-bbbb-bbbb-bbbb-bbbbbbbbbbbb',
   'stay-safe-on-public-wifi',
   'https://seakhlgyzkerxabitgoo.supabase.co/storage/v1/object/public/blog_images/hero.avif',
   'Coffee shop with laptop showing secure connection',
   'בית קפה עם מחשב נייד המציג חיבור מאובטח',
   'Doppler Team',
   'published',
   NOW() - INTERVAL '5 days');

-- English translation
INSERT INTO blog_post_translations (post_id, locale, title, excerpt, content, meta_title, meta_description) VALUES
  ('bbbbbbbb-bbbb-bbbb-bbbb-bbbbbbbbbbbb',
   'en',
   'How to Stay Safe on Public Wi-Fi: A Complete Guide',
   'Public Wi-Fi networks are everywhere, but they come with serious security risks. Learn how to protect yourself when connecting to networks at cafes, airports, and hotels.',
   '## The Hidden Dangers of Public Wi-Fi

Public Wi-Fi networks are incredibly convenient. Whether you''re working from a coffee shop, waiting at an airport, or staying at a hotel, free Wi-Fi helps you stay connected.

But this convenience comes with significant security risks that most people don''t consider. And once you understand them, you''ll never connect the same way again.

---

## Common Threats on Public Networks

### Man-in-the-Middle Attacks

On unsecured networks, attackers can position themselves between you and the connection point. Every piece of data you send goes through the attacker first.

This allows them to capture login credentials, read private messages, intercept financial information, and even inject malicious content into the pages you''re viewing.

### Evil Twin Networks

Hackers can create fake Wi-Fi networks that mimic legitimate ones. That "Free Airport WiFi" you''re about to connect to? It might actually be a malicious network designed to steal your data.

The worst part? There''s often no way to tell the difference just by looking at the network name.

### Packet Sniffing

Without encryption, your data travels in plain text across the network. Anyone on the same network with the right tools — and they''re freely available — can capture and read your information in real-time.

---

## How a VPN Protects You

When you connect through a VPN like **[Doppler](/)**, all your internet traffic is encrypted before it leaves your device.

Here''s what that means in practice:

1. **Your data is unreadable** — Even if intercepted, it''s just scrambled nonsense that no one can decipher

2. **Your activities are hidden** — No one can see which websites you visit or what you''re doing online

3. **Your identity stays private** — Your real IP address is masked, making you virtually anonymous

---

## Best Practices for Public Wi-Fi

Even with a VPN, these additional safety measures will keep you even more secure:

- **Verify the network name** with staff before connecting — don''t just pick the first option that looks right

- **Disable auto-connect** for Wi-Fi on your devices — you should always consciously choose when to connect

- **Turn off file sharing** when on public networks — this closes a common attack vector

- **Use HTTPS websites** whenever possible — look for the padlock icon

- **Keep your VPN on** throughout your entire session — not just when you "need" it

---

## Why Doppler is Perfect for Public Wi-Fi

**[Doppler VPN](/)** offers instant protection without any setup hassle:

- **One-tap connection** — No complicated configuration or technical knowledge required

- **WireGuard encryption** — The same **[military-grade protocol](https://www.wireguard.com/)** trusted by security professionals

- **No account needed** — Start protecting yourself immediately, without any signup process

- **Works everywhere** — iOS, Android, and macOS support means all your devices are covered

---

## Stay Protected, Stay Connected

Don''t let security concerns stop you from using public Wi-Fi. With the right protection, you can confidently connect to any network, knowing your data is secured by industry-leading encryption.

**[Download Doppler VPN](/#pricing)** before your next trip and browse with peace of mind.',
   'Stay Safe on Public Wi-Fi | Doppler VPN Blog',
   'Learn how to protect yourself on public Wi-Fi networks with these essential security tips and see how Doppler VPN keeps your data safe.');

-- Hebrew translation
INSERT INTO blog_post_translations (post_id, locale, title, excerpt, content, meta_title, meta_description) VALUES
  ('bbbbbbbb-bbbb-bbbb-bbbb-bbbbbbbbbbbb',
   'he',
   'איך להישאר בטוח ב-Wi-Fi ציבורי: מדריך מלא',
   'רשתות Wi-Fi ציבוריות נמצאות בכל מקום, אבל הן מגיעות עם סיכוני אבטחה רציניים. למד איך להגן על עצמך כשאתה מתחבר לרשתות בבתי קפה, שדות תעופה ובתי מלון.',
   '## הסכנות הנסתרות של Wi-Fi ציבורי

רשתות Wi-Fi ציבוריות נוחות להפליא. בין אם אתה עובד מבית קפה, ממתין בשדה תעופה או שוהה במלון, Wi-Fi חינמי עוזר לך להישאר מחובר.

אבל נוחות זו מגיעה עם סיכוני אבטחה משמעותיים שרוב האנשים לא מתחשבים בהם. וברגע שתבין אותם, לעולם לא תתחבר באותו אופן.

---

## איומים נפוצים ברשתות ציבוריות

### התקפות Man-in-the-Middle

ברשתות לא מאובטחות, תוקפים יכולים למקם את עצמם בינך לבין נקודת החיבור. כל פיסת מידע שאתה שולח עוברת דרך התוקף קודם.

זה מאפשר להם לתפוס פרטי התחברות, לקרוא הודעות פרטיות, ליירט מידע פיננסי ואפילו להזריק תוכן זדוני לדפים שאתה צופה בהם.

### רשתות Evil Twin

האקרים יכולים ליצור רשתות Wi-Fi מזויפות שמחקות רשתות לגיטימיות. אותו "Free Airport WiFi" שאתה עומד להתחבר אליו? הוא עשוי למעשה להיות רשת זדונית שתוכננה לגנוב את הנתונים שלך.

החלק הגרוע ביותר? לעתים קרובות אין דרך להבדיל רק על ידי הסתכלות על שם הרשת.

### Packet Sniffing

ללא הצפנה, הנתונים שלך עוברים כטקסט גלוי ברחבי הרשת. כל אחד באותה רשת עם הכלים הנכונים — והם זמינים בחינם — יכול לתפוס ולקרוא את המידע שלך בזמן אמת.

---

## איך VPN מגן עליך

כשאתה מתחבר דרך VPN כמו **[Doppler](/)**, כל התעבורה שלך מוצפנת לפני שהיא עוזבת את המכשיר.

הנה מה שזה אומר בפועל:

1. **הנתונים שלך לא קריאים** — גם אם יורטו, זה רק ג''יבריש מעורבל שאף אחד לא יכול לפענח

2. **הפעילויות שלך מוסתרות** — אף אחד לא יכול לראות אילו אתרים אתה מבקר או מה אתה עושה באינטרנט

3. **הזהות שלך נשארת פרטית** — כתובת ה-IP האמיתית שלך מוסווית, מה שהופך אותך כמעט אנונימי

---

## שיטות עבודה מומלצות ל-Wi-Fi ציבורי

גם עם VPN, אמצעי הבטיחות הנוספים האלה ישמרו עליך עוד יותר מאובטח:

- **אמת את שם הרשת** עם הצוות לפני ההתחברות — אל תבחר סתם את האפשרות הראשונה שנראית נכונה

- **בטל התחברות אוטומטית** ל-Wi-Fi במכשירים שלך — תמיד צריך לבחור במודע מתי להתחבר

- **כבה שיתוף קבצים** כשאתה ברשתות ציבוריות — זה סוגר וקטור תקיפה נפוץ

- **השתמש באתרי HTTPS** בכל הזדמנות — חפש את סמל המנעול

- **השאר את ה-VPN דלוק** לאורך כל ההפעלה — לא רק כשאתה "צריך" את זה

---

## למה Doppler מושלם ל-Wi-Fi ציבורי

**[Doppler VPN](/)** מציע הגנה מיידית ללא טרחת הגדרה:

- **חיבור בלחיצה אחת** — ללא הגדרה מסובכת או ידע טכני נדרש

- **הצפנת WireGuard** — אותו **[פרוטוקול ברמה צבאית](https://www.wireguard.com/)** שמומחי אבטחה סומכים עליו

- **ללא צורך בחשבון** — התחל להגן על עצמך מיד, ללא תהליך הרשמה

- **עובד בכל מקום** — תמיכה ב-iOS, Android ו-macOS מכסה את כל המכשירים שלך

---

## הישאר מוגן, הישאר מחובר

אל תתן לדאגות אבטחה לעצור אותך מלהשתמש ב-Wi-Fi ציבורי. עם ההגנה הנכונה, אתה יכול להתחבר בביטחון לכל רשת, בידיעה שהנתונים שלך מאובטחים על ידי הצפנה מובילה בתעשייה.

**[הורד את Doppler VPN](/#pricing)** לפני הטיול הבא שלך וגלוש בשלווה.',
   'הישאר בטוח ב-Wi-Fi ציבורי | בלוג Doppler VPN',
   'למד איך להגן על עצמך ברשתות Wi-Fi ציבוריות עם טיפים חיוניים לאבטחה וראה איך Doppler VPN שומר על הנתונים שלך בטוחים.');

-- Tags for post 2
INSERT INTO blog_post_tags (post_id, tag_id) VALUES
  ('bbbbbbbb-bbbb-bbbb-bbbb-bbbbbbbbbbbb', '22222222-2222-2222-2222-222222222222'),
  ('bbbbbbbb-bbbb-bbbb-bbbb-bbbbbbbbbbbb', '44444444-4444-4444-4444-444444444444');

-- =====================================================
-- BLOG POST 3: Ad Blocking Benefits
-- =====================================================
INSERT INTO blog_posts (id, slug, image_url, image_alt_en, image_alt_he, author_name, status, published_at) VALUES
  ('cccccccc-cccc-cccc-cccc-cccccccccccc',
   'benefits-of-vpn-ad-blocking',
   'https://seakhlgyzkerxabitgoo.supabase.co/storage/v1/object/public/blog_images/hero.avif',
   'Clean browser interface without ads',
   'ממשק דפדפן נקי ללא פרסומות',
   'Doppler Team',
   'published',
   NOW() - INTERVAL '7 days');

-- English translation
INSERT INTO blog_post_translations (post_id, locale, title, excerpt, content, meta_title, meta_description) VALUES
  ('cccccccc-cccc-cccc-cccc-cccccccccccc',
   'en',
   'The Benefits of VPN Ad Blocking: Faster, Safer Browsing',
   'Discover how built-in ad blocking in your VPN can transform your browsing experience with faster page loads, better privacy, and protection from malicious content.',
   '## More Than Just Hiding Ads

When most people think of ad blocking, they picture a cleaner browsing experience without annoying pop-ups and banners.

But modern ad blocking, especially when built into a VPN, offers benefits that go far beyond aesthetics. It''s about speed, privacy, and security.

---

## How Network-Level Ad Blocking Works

Unlike browser-based ad blockers that work after ads have already loaded, network-level blocking in **[Doppler VPN](/)** stops unwanted content at the DNS level.

This is a fundamentally different approach:

- **Ads never reach your device in the first place** — they''re blocked before they even start downloading

- **Less data is downloaded** — saving bandwidth and speeding up your connection

- **Pages load significantly faster** — sometimes 2-3x faster

- **Protection works across ALL apps** — not just browsers, but every app on your device

---

## The Real Benefits

### 1. Dramatically Faster Browsing

Here''s a fact that might surprise you: ads can account for 50-70% of a webpage''s data.

By blocking them at the network level, pages load 2-3x faster, your mobile data lasts longer, and streaming and downloads are never interrupted by ad-related requests.

### 2. Enhanced Privacy

Modern ads do much more than display content. They''re sophisticated tracking systems.

They track your browsing behavior across websites, build detailed profiles of your interests, and share that data with countless third parties. Doppler''s ad blocker eliminates these trackers entirely.

### 3. Protection from Malvertising

**Malicious ads (malvertising)** are one of the most common ways malware spreads online.

These ads can automatically download harmful software, redirect you to phishing sites, and exploit browser vulnerabilities — all without you clicking anything.

Network-level blocking prevents these threats before they can do harm.

### 4. Better Battery Life

Constantly loading and rendering ads drains your battery faster than you might think.

With ad blocking, there''s less processing power needed, fewer network requests, and noticeably longer battery life on mobile devices.

---

## Why VPN + Ad Blocking is the Perfect Combination

When your VPN includes ad blocking like **[Doppler](/)** does, you get the best of both worlds:

- **Single app protection** — No need to manage multiple tools or browser extensions

- **Always-on security** — Ad blocking works automatically whenever your VPN is connected

- **Cross-device consistency** — Same protection on phone, tablet, and computer

- **No additional cost** — Built right into your VPN, not an upsell

---

## Categories You Can Block

Doppler''s content filter lets you block more than just ads:

- Adult content
- Gambling sites
- Social media platforms
- Gaming websites
- Streaming services
- And custom blocklists you create

This makes it perfect for families who want a safer internet experience, or anyone who wants more control over their digital environment.

---

## Experience the Difference

Most users don''t realize how much of their browsing experience is consumed by ads until they''re gone. The web feels faster, cleaner, and more focused.

**[Download Doppler VPN](/#pricing)** today and see what the internet was meant to be.',
   'VPN Ad Blocking Benefits | Doppler VPN Blog',
   'Learn how VPN ad blocking improves your browsing with faster speeds, better privacy, and protection from malicious content.');

-- Hebrew translation
INSERT INTO blog_post_translations (post_id, locale, title, excerpt, content, meta_title, meta_description) VALUES
  ('cccccccc-cccc-cccc-cccc-cccccccccccc',
   'he',
   'היתרונות של חסימת פרסומות ב-VPN: גלישה מהירה ובטוחה יותר',
   'גלה איך חסימת פרסומות מובנית ב-VPN שלך יכולה לשנות את חוויית הגלישה שלך עם טעינת דפים מהירה יותר, פרטיות טובה יותר והגנה מתוכן זדוני.',
   '## יותר מסתם הסתרת פרסומות

כשרוב האנשים חושבים על חסימת פרסומות, הם מדמיינים חוויית גלישה נקייה יותר ללא חלונות קופצים ובאנרים מעצבנים. אבל חסימת פרסומות מודרנית, במיוחד כשהיא מובנית ב-VPN, מציעה יתרונות שחורגים הרבה מעבר לאסתטיקה.

## איך חסימת פרסומות ברמת הרשת עובדת

בניגוד לחוסמי פרסומות מבוססי דפדפן שעובדים אחרי שפרסומות כבר נטענו, חסימה ברמת הרשת ב-Doppler VPN עוצרת תוכן לא רצוי ברמת ה-DNS. זה אומר:

- פרסומות מעולם לא מגיעות למכשיר שלך מלכתחילה
- פחות נתונים מורדים, חוסכים רוחב פס
- דפים נטענים מהר יותר באופן משמעותי
- ההגנה עובדת בכל האפליקציות, לא רק בדפדפנים

## היתרונות האמיתיים

### 1. גלישה מהירה באופן דרמטי

פרסומות יכולות להוות 50-70% מהנתונים של דף אינטרנט. על ידי חסימתן ברמת הרשת:
- דפים נטענים פי 2-3 יותר מהר
- הנתונים הסלולריים שלך מחזיקים יותר זמן
- סטרימינג והורדות לא מופרעים

### 2. פרטיות משופרת

פרסומות מודרניות עושות הרבה יותר מהצגת תוכן. הן:
- עוקבות אחרי התנהגות הגלישה שלך בין אתרים
- בונות פרופילים מפורטים של התחומי העניין שלך
- משתפות נתונים עם אינספור צדדים שלישיים

חוסם הפרסומות של Doppler מבטל את העוקבים האלה לחלוטין.

### 3. הגנה מפני Malvertising

פרסומות זדוניות (malvertising) הן אחת הדרכים הנפוצות ביותר להפצת תוכנות זדוניות באינטרנט. פרסומות אלה יכולות:
- להוריד אוטומטית תוכנות מזיקות
- להפנות אותך לאתרי פישינג
- לנצל פגיעויות בדפדפן

חסימה ברמת הרשת מונעת איומים אלה לפני שהם יכולים לגרום נזק.

### 4. חיי סוללה טובים יותר

טעינה ועיבוד מתמידים של פרסומות מרוקנים את הסוללה שלך. עם חסימת פרסומות:
- פחות כוח עיבוד נדרש
- פחות בקשות רשת
- חיי סוללה ארוכים יותר באופן ניכר במכשירים ניידים

## למה VPN + חסימת פרסומות זה השילוב המושלם

כשה-VPN שלך כולל חסימת פרסומות כמו Doppler, אתה מקבל:

- **הגנה באפליקציה אחת** - אין צורך בכלים מרובים
- **אבטחה תמידית** - חסימת פרסומות עובדת בכל פעם שה-VPN מחובר
- **עקביות בין מכשירים** - אותה הגנה בטלפון, טאבלט ומחשב
- **ללא עלות נוספת** - מובנה ישירות במנוי ה-VPN שלך

## קטגוריות שאתה יכול לחסום

סנן התוכן של Doppler מאפשר לך לחסום יותר מסתם פרסומות:

- תוכן למבוגרים
- אתרי הימורים
- פלטפורמות מדיה חברתית
- אתרי משחקים
- שירותי סטרימינג
- ורשימות חסימה מותאמות אישית שאתה יוצר

מושלם למשפחות שרוצות חוויית אינטרנט בטוחה יותר.

## חווה את ההבדל

רוב המשתמשים לא מבינים כמה מחוויית הגלישה שלהם נבלעת על ידי פרסומות עד שהן נעלמות. נסה את Doppler VPN בחינם וראה את ההבדל שחסימת פרסומות ברמת הרשת עושה.',
   'יתרונות חסימת פרסומות VPN | בלוג Doppler VPN',
   'למד איך חסימת פרסומות ב-VPN משפרת את הגלישה שלך עם מהירויות גבוהות יותר, פרטיות טובה יותר והגנה מתוכן זדוני.');

-- Tags for post 3
INSERT INTO blog_post_tags (post_id, tag_id) VALUES
  ('cccccccc-cccc-cccc-cccc-cccccccccccc', '11111111-1111-1111-1111-111111111111'),
  ('cccccccc-cccc-cccc-cccc-cccccccccccc', '44444444-4444-4444-4444-444444444444');

-- =====================================================
-- INTERNAL LINKS (Related Posts)
-- =====================================================
INSERT INTO blog_internal_links (source_post_id, target_post_id, link_order) VALUES
  ('aaaaaaaa-aaaa-aaaa-aaaa-aaaaaaaaaaaa', 'bbbbbbbb-bbbb-bbbb-bbbb-bbbbbbbbbbbb', 1),
  ('aaaaaaaa-aaaa-aaaa-aaaa-aaaaaaaaaaaa', 'cccccccc-cccc-cccc-cccc-cccccccccccc', 2),
  ('bbbbbbbb-bbbb-bbbb-bbbb-bbbbbbbbbbbb', 'aaaaaaaa-aaaa-aaaa-aaaa-aaaaaaaaaaaa', 1),
  ('bbbbbbbb-bbbb-bbbb-bbbb-bbbbbbbbbbbb', 'cccccccc-cccc-cccc-cccc-cccccccccccc', 2),
  ('cccccccc-cccc-cccc-cccc-cccccccccccc', 'aaaaaaaa-aaaa-aaaa-aaaa-aaaaaaaaaaaa', 1),
  ('cccccccc-cccc-cccc-cccc-cccccccccccc', 'bbbbbbbb-bbbb-bbbb-bbbb-bbbbbbbbbbbb', 2);
